model,training_time,train_accuracy,val_accuracy,test_accuracy,train_precision,val_precision,test_precision,train_recall,val_recall,test_recall,train_f1,val_f1,test_f1,test_auc_roc
KNN,0.02667832374572754,0.7323505011628065,0.5968013200901215,0.6027988449211437,0.734635298641726,0.5987182806835837,0.6042202779207411,0.7274816738973738,0.587014470677837,0.596052548073872,0.7310409861830507,0.5928086142802205,0.6001086227277084,0.6350896134155279
Naive Bayes,0.0910027027130127,0.5469542629438725,0.5469171453051122,0.5486624567638753,0.5264951230555535,0.5265369146796898,0.5274497172714909,0.9330468250622204,0.9306296014216806,0.9353303293774196,0.6731490021389744,0.67255297679112,0.6745234444724135,0.6563552519838175
Decision Tree,0.9623115062713623,0.988487535530199,0.57909434201758,0.5749373274521626,0.9980172485510662,0.5796777081468218,0.575831514061898,0.9789198819513389,0.5753363797918253,0.5691438725645744,0.9883763242270908,0.5774988851372874,0.572468162522741,0.5761893515961015
Random Forest,2.6580333709716797,0.9884671354159583,0.6324691397201155,0.6372608129978105,0.9891323591496548,0.6315391403000126,0.636639292482628,0.987787131607937,0.635948210205636,0.6395887542044806,0.9884592876876387,0.633736006577699,0.638110615126476,0.6827907580350939
Logistic Regression,0.17988872528076172,0.6316895374614098,0.6327864690762542,0.628597721575223,0.6243770230694138,0.625827017923734,0.6210935165820137,0.6610861020821717,0.6603833460269104,0.6596433331217871,0.6422074104412047,0.642640973380273,0.639788255570602,0.6812998910867405
